<Ashok_Kumar__u0028_Indian_politician_u0029_>	<1954-10-27T00:00:00Z>	<birthDate>
<Ashok_Kumar__u0028_Indian_politician_u0029_>	<India>	<nationality>
<Ashok_Kumar__u0028_Indian_politician_u0029_>	<Indian_National_Congress>	<alumniOf>
<Ashok_Kumar__u0028_Indian_politician_u0029_>	<Patna_Medical_College_and_Hospital>	<alumniOf>
<Ashok_Kumar__u0028_golfer_u0029_>	<1983-07-20T00:00:00Z>	<birthDate>
<Ashok_Kumar__u0028_golfer_u0029_>	<India>	<nationality>
<Ashok_Kumar__u0028_golfer_u0029_>	<Bihar>	<alumniOf>
<Ashok_Kumar_Dogra>	<1958-11-24T00:00:00Z>	<birthDate>
<Ashok_Kumar_Dogra>	<Indian_National_Congress>	<alumniOf>
<Ashok_Kumar>	<1911-10-13T00:00:00Z>	<birthDate>
<Ashok_Kumar>	<India>	<actor>
<Ashok_Kumar>	<Dadasaheb_Phalke_Award>	<award>
<Ashok_Kumar>	<Padma_Bhushan>	<award>
<Ashok_Kumar_Garg>	<1969-07-07T00:00:00Z>	<birthDate>
<Ashok_Kumar_Garg>	<India>	<alumniOf>
<Ashok_Kumar__u0028_British_politician_u0029_>	<1956-05-28T00:00:00Z>	<birthDate>
<Ashok_Kumar__u0028_British_politician_u0029_>	<Labour_Party__u0028_UK_u0029_>	<alumniOf>
<Ashok_Kumar__u0028_politician_u0029_>	<India>	<nationality>
<Ashok_Kumar__u0028_cinematographer_u0029_>	<India>	<nationality>
<Ashok_Kumar__u0028_cinematographer_u0029_>	<Allahabad>	<homeLocation>
<Ashok_Kumar__u0028_cinematographer_u0029_>	<Chennai>	<alumniOf>
<Mortal_Kombat__u0028_2011_video_game_u0029_>	<NetherRealm_Studios>	<productionCompany>
<Mortal_Kombat__u0028_2011_video_game_u0029_>	<2011-04-19T00:00:00Z>	<dateCreated>
<Mortal_Kombat__u0028_1992_video_game_u0029_>	<1992-10-08T00:00:00Z>	<dateCreated>
<Mortal_Kombat__u0028_2021_film_u0029_>	<Simon_McQuoid>	<director>
<Mortal_Kombat__u0028_2021_film_u0029_>	<Ludi_Lin>	<appearsIn>
<Mortal_Kombat__u0028_2021_film_u0029_>	<Joe_Taslim>	<appearsIn>
<Mortal_Kombat__u0028_2021_film_u0029_>	<Tadanobu_Asano>	<appearsIn>
<Mortal_Kombat__u0028_2021_film_u0029_>	<Jessica_McNamee>	<appearsIn>
<Mortal_Kombat__u0028_2021_film_u0029_>	<Mehcad_Brooks>	<appearsIn>
<Mortal_Kombat__u0028_2021_film_u0029_>	<Josh_Lawson>	<appearsIn>
<Mortal_Kombat__u0028_2021_film_u0029_>	<Chin_Han__u0028_actor_u002C__born_1969_u0029_>	<actor>
<Mortal_Kombat__u0028_2021_film_u0029_>	<Hiroyuki_Sanada>	<appearsIn>
<Mortal_Kombat__u0028_2021_film_u0029_>	<United_States>	<productionCompany>
<Mortal_Kombat__u0028_2021_film_u0029_>	<Warner_Bros_u002E_>	<productionCompany>
<Mortal_Kombat__u0028_1995_film_u0029_>	<Robin_Shou>	<actor>
<Mortal_Kombat__u0028_1995_film_u0029_>	<Linden_Ashby>	<appearsIn>
<Mortal_Kombat__u0028_1995_film_u0029_>	<Bridgette_Wilson>	<appearsIn>
<Mortal_Kombat__u0028_1995_film_u0029_>	<Christopher_Lambert>	<actor>
<Mortal_Kombat__u0028_1995_film_u0029_>	<Threshold_Entertainment>	<productionCompany>
<Epirus__u0028_ancient_state_u0029_>	<Epirus>	<homeLocation>
<Epirus>	<Greece>	<nationality>
<Epirus>	<Albania>	<nationality>
<Marble_Canyon__u0028_British_Columbia_u0029_>	<British_Columbia>	<homeLocation>
<Marble_Canyon__u0028_Canadian_Rockies_u0029_>	<British_Columbia>	<location>
<Marble_Canyon__u0028_Canadian_Rockies_u0029_>	<Canada>	<nationality>
<Marble_Canyon_u002C__Arizona>	<Coconino_County_u002C__Arizona>	<homeLocation>
<Marble_Canyon_u002C__Arizona>	<United_States>	<homeLocation>
<Marble_Canyon>	<Arizona>	<alumniOf>
<Foxfire__u0028_1996_film_u0029_>	<1996-01-01T00:00:00Z>	<dateCreated>
<Foxfire__u0028_1987_film_u0029_>	<Jessica_Tandy>	<actor>
<Foxfire_u002C__North_Carolina>	<Moore_County_u002C__North_Carolina>	<homeLocation>
<Foxfire_u002C__North_Carolina>	<United_States>	<homeLocation>
<Foxfire__u0028_magazine_u0029_>	<1966-01-01T00:00:00Z>	<dateCreated>
<Foxfire__u0028_1955_film_u0029_>	<Joseph_Pevney>	<director>
<Foxfire__u0028_1955_film_u0029_>	<Jane_Russell>	<appearsIn>
<Foxfire__u0028_1955_film_u0029_>	<Jeff_Chandler>	<appearsIn>
<Foxfire__u0028_1955_film_u0029_>	<Dan_Duryea>	<appearsIn>
<Battleaxe__u0028_novel_u0029_>	<Sara_Douglass>	<author>
<Battleaxe__u0028_band_u0029_>	<Sunderland>	<homeLocation>
<Battleaxe__u0028_band_u0029_>	<1980-01-01T00:00:00Z>	<dateCreated>
<Shaolin_Temple__u0028_1982_film_u0029_>	<British_Hong_Kong>	<homeLocation>
<Shaolin_Temple__u0028_1982_film_u0029_>	<Jet_Li>	<actor>
<Shaolin_Temple__u0028_1982_film_u0029_>	<China>	<appearsIn>
<Shaolin_Temple__u0028_1976_film_u0029_>	<Chang_Cheh>	<director>
<Shaolin_Temple__u0028_1976_film_u0029_>	<David_Chiang>	<actor>
<Shaolin_Temple__u0028_1976_film_u0029_>	<Ti_Lung>	<actor>
<Shaolin_Temple__u0028_1976_film_u0029_>	<Alexander_Fu_Sheng>	<actor>
<Shaolin_Wooden_Men>	<Hong_Kong>	<homeLocation>
<Shaolin_Wooden_Men>	<Jackie_Chan>	<actor>
<Kralovice>	<Czech_Republic>	<birthPlace>
<Královice__u0028_Prague_u0029_>	<Czech_Republic>	<homeLocation>
<Královice__u0028_Kladno_District_u0029_>	<Czech_Republic>	<nationality>
<Královice__u0028_Kladno_District_u0029_>	<Slaný>	<homeLocation>
<Mike_Shanahan>	<United_States>	<alumniOf>
<Mike_Shanahan__u0028_ice_hockey_u0029_>	<United_States>	<alumniOf>
<Mike_Shanahan__u0028_ice_hockey_u0029_>	<St_u002E__Louis_Blues>	<alumniOf>
<Mike_Shanahan__u0028_ice_hockey_u0029_>	<University_City_u002C__Missouri>	<alumniOf>
<Mike_Shanahan__u0028_ice_hockey_u0029_>	<Saint_Louis_University>	<alumniOf>
<Mike_Shanahan__u0028_tight_end_u0029_>	<United_States>	<alumniOf>
<Mike_Shanahan__u0028_writer_u0029_>	<University_of_Leeds>	<alumniOf>
<Calla__u0028_band_u0029_>	<New_York_City>	<homeLocation>
<Calla_u002C__Ohio>	<Mahoning_County_u002C__Ohio>	<homeLocation>
<Mark_Wilkinson>	<Windsor_u002C__Berkshire>	<birthPlace>
<Mark_Wilkinson>	<1952-10-03T00:00:00Z>	<birthDate>
<Wilkinson__u0028_musician_u0029_>	<1989-04-18T00:00:00Z>	<birthDate>
<Mark_Wilkinson__u0028_rugby_union_u0029_>	<1977-10-21T00:00:00Z>	<birthDate>
<Mark_Wilkinson__u0028_rugby_union_u0029_>	<Newcastle_Falcons>	<alumniOf>
<Mark_Wilkinson__u0028_singer_u0029_>	<Buckinghamshire>	<birthPlace>
<Ramsgate>	<Thanet_District>	<homeLocation>
<Ramsgate_u002C__New_South_Wales>	<New_South_Wales>	<birthPlace>
<Ramsgate_u002C__New_South_Wales>	<Parish_of_St_George>	<location>
<Daria>	<Glenn_Eichler>	<author>
<Ring_Road__u0028_Kathmandu_u0029_>	<Kathmandu_District>	<location>
<Ring_Road__u0028_Kathmandu_u0029_>	<Lalitpur_District_u002C__Nepal>	<homeLocation>
<London_Inner_Ring_Road>	<City_of_London>	<homeLocation>
<Ring_Road__u0028_Regina_u002C__Saskatchewan_u0029_>	<Canada>	<nationality>
<Ring_Road__u0028_Cairo_u0029_>	<Egypt>	<nationality>
<Route_1__u0028_Iceland_u0029_>	<Iceland>	<nationality>
<Route_1__u0028_Iceland_u0029_>	<1974-01-01T00:00:00Z>	<dateCreated>
<Geordie__u0028_film_u0029_>	<Frank_Launder>	<director>
<Geordie__u0028_film_u0029_>	<Bill_Travers>	<actor>
<Geordie__u0028_band_u0029_>	<Newcastle_upon_Tyne>	<homeLocation>
<Jerry_Adler__u0028_harmonica_player_u0029_>	<Baltimore>	<homeLocation>
<Jerry_Adler>	<United_States>	<actor>
<Jerry_Adler__u0028_rock_musician_u0029_>	<United_States>	<nationality>
<Jerry_Adler__u0028_rock_musician_u0029_>	<New_York_City>	<homeLocation>
<Splinter__u0028_2008_film_u0029_>	<Toby_Wilkins>	<director>
<Splinter__u0028_2008_film_u0029_>	<Shea_Whigham>	<actor>
<Splinter__u0028_2008_film_u0029_>	<Paulo_Costanzo>	<appearsIn>
<Splinter__u0028_2008_film_u0029_>	<Jill_Wagner>	<appearsIn>
<Splinter__u0028_2008_film_u0029_>	<Oklahoma>	<homeLocation>
<Splinter__u0028_Songs_from_a_Broken_Mind_u0029_>	<2013-01-01T00:00:00Z>	<dateCreated>
<Splinter__u0028_Sneaker_Pimps_album_u0029_>	<1999-01-01T00:00:00Z>	<dateCreated>
<Splinter__u0028_Teenage_Mutant_Ninja_Turtles_u0029_>	<Teenage_Mutant_Ninja_Turtles__u0028_IDW_Publishing_u0029_>	<productionCompany>
<Splinter__u0028_2006_film_u0029_>	<Los_Angeles>	<homeLocation>
<Splinter__u0028_2006_film_u0029_>	<Tom_Sizemore>	<appearsIn>
<Splinter__u0028_2006_film_u0029_>	<Edward_James_Olmos>	<alumniOf>
<Splinter__u0028_2006_film_u0029_>	<United_States>	<appearsIn>
<Splinter__u0028_band_u0029_>	<1974-01-01T00:00:00Z>	<birthDate>
<Splinter_News>	<2017-01-01T00:00:00Z>	<dateCreated>
<Dalston_u002C__Cumbria>	<City_of_Carlisle>	<homeLocation>
<Dalston__u0028_Hackney_ward_u0029_>	<London_Borough_of_Hackney>	<homeLocation>
<Dalston>	<London_Borough_of_Hackney>	<location>
<The_Peaches>	<Michael_Gill>	<director>
<Lori_Fullington>	<United_States>	<alumniOf>
<Peaches__u0028_film_u0029_>	<David_Hirschfelder>	<musicBy>
<Peaches__u0028_musician_u0029_>	<1966-11-11T00:00:00Z>	<birthDate>
<Peaches__u0028_musician_u0029_>	<Berlin>	<homeLocation>
<Peaches__u0028_The_Presidents_of_the_United_States_of_America_song_u0029_>	<1996-02-27T00:00:00Z>	<dateCreated>
<Shafi__u0028_actor_u0029_>	<India>	<nationality>
<Shafi__u0028_actor_u0029_>	<National_School_of_Drama>	<alumniOf>
<Shafi__u0028_director_u0029_>	<India>	<nationality>
<Brian_Roberts__u0028_historian_u0029_>	<University_of_London>	<alumniOf>
<Brian_Roberts__u0028_basketball_u0029_>	<United_States>	<alumniOf>
<Brian_Roberts__u0028_basketball_u0029_>	<Baloncesto_Málaga>	<alumniOf>
<Brian_Roberts__u0028_basketball_u0029_>	<University_of_Dayton>	<alumniOf>
<Brian_Roberts__u0028_baseball_u0029_>	<United_States>	<nationality>
<Brian_Roberts__u0028_baseball_u0029_>	<Major_League_Baseball>	<alumniOf>
<Brian_Roberts__u0028_baseball_u0029_>	<Baltimore_Orioles>	<alumniOf>
<Brian_Roberts__u0028_baseball_u0029_>	<New_York_Yankees>	<memberOf>
<Brian_L_u002E__Roberts>	<United_States>	<nationality>
<Brian_L_u002E__Roberts>	<Comcast>	<founder>
<Brian_Roberts__u0028_English_footballer_u0029_>	<1955-11-06T00:00:00Z>	<birthDate>
<Brian_Roberts__u0028_English_footballer_u0029_>	<Coventry_City_F_u002E_C_u002E_>	<alumniOf>
<Brian_Roberts__u0028_English_footballer_u0029_>	<Hereford_United_F_u002E_C_u002E_>	<alumniOf>
<Brian_Roberts__u0028_English_footballer_u0029_>	<Birmingham_City_F_u002E_C_u002E_>	<alumniOf>
<Brian_Roberts__u0028_English_footballer_u0029_>	<Wolverhampton_Wanderers_F_u002E_C_u002E_>	<alumniOf>
<Brian_Roberts__u0028_soccer_u0029_>	<Los_Angeles>	<homeLocation>
<Brian_Roberts__u0028_soccer_u0029_>	<United_States>	<alumniOf>
<Brian_Roberts__u0028_soccer_u0029_>	<Sporting_Kansas_City>	<alumniOf>
<Brian_Birley_Roberts>	<1912-10-23T00:00:00Z>	<birthDate>
<Brian_Roberts__u0028_Australian_rules_footballer_u0029_>	<Richmond_Football_Club>	<alumniOf>
<Key_West>	<Stock_Island_u002C__Florida>	<location>
<Key_West>	<Monroe_County_u002C__Florida>	<location>
<Key_West_u002C__Iowa>	<Dubuque_County_u002C__Iowa>	<location>
<Key_West_u002C__Iowa>	<United_States>	<location>
<Key_West_u002C__Minnesota>	<Polk_County_u002C__Minnesota>	<homeLocation>
<Key_West__u0028_film_u0029_>	<1973-01-01T00:00:00Z>	<birthDate>
<Richard_Anthony_Hewson>	<1943-11-17T00:00:00Z>	<birthDate>
<Key_West_u002C__Virginia>	<Albemarle_County_u002C__Virginia>	<homeLocation>
<Serpico>	<Sidney_Lumet>	<director>
<Serpico>	<Al_Pacino>	<actor>
<Serpico>	<Frank_Serpico>	<alumniOf>
<Black_Watch__u0028_play_u0029_>	<Gregory_Burke>	<author>
<Black_Watch>	<2006-01-01T00:00:00Z>	<dateCreated>
<Joe_Wright__u0028_footballer_u002C__born_1907_u0029_>	<Leicester_City_F_u002E_C_u002E_>	<alumniOf>
<Joe_Wright__u0028_basketball_u0029_>	<United_States>	<alumniOf>
<Joe_Wright__u0028_baseball_u0029_>	<Pittsburgh_Pirates>	<alumniOf>
<Joe_Wright__u0028_footballer_u002C__born_1995_u0029_>	<1995-02-26T00:00:00Z>	<birthDate>
<Galahad_u002C__Alberta>	<Canada>	<nationality>
<Galahad_u002C__Alberta>	<Flagstaff_County>	<location>
<Alexander_Thom__u0028_footballer_u0029_>	<Kilmarnock_F_u002E_C_u002E_>	<alumniOf>
<Alexander_Thom__u0028_footballer_u0029_>	<Ayr_United_F_u002E_C_u002E_>	<alumniOf>
<Alexander_Thom__u0028_footballer_u0029_>	<Motherwell_F_u002E_C_u002E_>	<alumniOf>
<Alexander_Thom__u0028_footballer_u0029_>	<Hull_City_A_u002E_F_u002E_C_u002E_>	<alumniOf>
<Alexander_Thom__u0028_footballer_u0029_>	<Swindon_Town_F_u002E_C_u002E_>	<alumniOf>
<Keith_Anderson>	<United_States>	<alumniOf>
<Keith_Anderson__u0028_saxophonist_u0029_>	<United_States>	<alumniOf>
<Chestnut_Mountain_u002C__Georgia>	<Georgia__u0028_U_u002E_S_u002E__state_u0029_>	<homeLocation>
<Chestnut_Mountain_u002C__Georgia>	<United_States>	<homeLocation>
<Chestnut_Mountain>	<Illinois>	<location>
<Chestnut_Mountain__u0028_Transylvania_County_u002C__North_Carolina_u0029_>	<North_Carolina>	<homeLocation>
<Edward_Osborne__u0028_Mayor_of_Hythe_u0029_>	<1861-01-21T00:00:00Z>	<birthDate>
<E_u002E__O_u002E__Wilson>	<United_States>	<alumniOf>
<E_u002E__O_u002E__Wilson>	<Harvard_University>	<alumniOf>
<Clinton_u002C__Louisiana>	<East_Feliciana_Parish_u002C__Louisiana>	<homeLocation>
<Clinton_u002C__Louisiana>	<United_States>	<homeLocation>
<Clinton_u002C__Oakland_u002C__California>	<Oakland_u002C__California>	<homeLocation>
<Clinton_u002C__Oakland_u002C__California>	<United_States>	<homeLocation>
<Clinton_u002C__Arkansas>	<Van_Buren_County_u002C__Arkansas>	<homeLocation>
<Clinton_u002C__Oneida_County_u002C__New_York>	<Oneida_County_u002C__New_York>	<location>
<Clinton_u002C__Oneida_County_u002C__New_York>	<United_States>	<homeLocation>
<Clinton_u002C__South_Australia>	<South_Australia>	<location>
<Clinton_u002C__South_Australia>	<Yorke_Peninsula_Council>	<location>
<Clinton_u002C__New_Jersey>	<Hunterdon_County_u002C__New_Jersey>	<location>
<Clinton_u002C__New_Jersey>	<United_States>	<nationality>
<Clinton_u002C__Dutchess_County_u002C__New_York>	<Dutchess_County_u002C__New_York>	<homeLocation>
<Clinton_u002C__Dutchess_County_u002C__New_York>	<United_States>	<homeLocation>
<Clinton_u002C__North_Carolina>	<Sampson_County_u002C__North_Carolina>	<location>
<Clinton_u002C__North_Carolina>	<United_States>	<homeLocation>
<Clinton_u002C__Indiana>	<Vermillion_County_u002C__Indiana>	<homeLocation>
<Clinton_u002C__Nebraska>	<Sheridan_County_u002C__Nebraska>	<location>
<Clinton_u002C__Nebraska>	<United_States>	<homeLocation>
<Avella_u002C__Pennsylvania>	<Washington_County_u002C__Pennsylvania>	<alumniOf>
<Avella_u002C__Pennsylvania>	<United_States>	<alumniOf>
<Avella>	<Province_of_Avellino>	<alumniOf>
<Avella>	<Italy>	<homeLocation>
<Boniface_II_u002C__Marquis_of_Montferrat>	<William_VII_u002C__Marquis_of_Montferrat>	<alumniOf>
<Boniface_II_u002C__Marquis_of_Montferrat>	<Asti>	<alumniOf>
<Boniface_II_u002C__Marquis_of_Montferrat>	<Moncalvo>	<deathPlace>
<Pope_Boniface_II>	<Rome>	<homeLocation>
<Pope_Boniface_II>	<Rome>	<homeLocation>
<Tommy_Lowry>	<Liverpool>	<alumniOf>
<Tommy_Lowry>	<Crewe_Alexandra_F_u002E_C_u002E_>	<alumniOf>
<Tommy_Lowry>	<Liverpool_F_u002E_C_u002E_>	<alumniOf>
<Thomas_Lowry__u0028_racehorse_breeder_u0029_>	<1865-07-25T00:00:00Z>	<birthDate>
<Thomas_Lowry__u0028_racehorse_breeder_u0029_>	<1944-09-23T00:00:00Z>	<deathDate>
<Thomas_Lowry__u0028_racehorse_breeder_u0029_>	<Jesus_College_u002C__Cambridge>	<alumniOf>
<Thomas_Lowry>	<Logan_County_u002C__Illinois>	<birthPlace>
<Thomas_Lowry>	<United_States>	<nationality>
<Nabanna>	<Bangladesh>	<nationality>
<Nabanna__u0028_building_u0029_>	<Howrah>	<homeLocation>
<Michael_Mansfield>	<1941-10-12T00:00:00Z>	<birthDate>
<Michael_Mansfield__u0028_footballer_u0029_>	<1971-08-08T00:00:00Z>	<birthDate>
<Michael_Mansfield__u0028_footballer_u0029_>	<Geelong_Football_Club>	<alumniOf>
<Michael_Mansfield__u0028_footballer_u0029_>	<Carlton_Football_Club>	<alumniOf>
<Caravaggio>	<1571-09-29T00:00:00Z>	<birthDate>
<Caravaggio>	<Milan>	<alumniOf>
<Michelangelo_Anselmi>	<Parma>	<homeLocation>
<Michelangelo_Buonarroti_the_Younger>	<Florence>	<alumniOf>
<Michelangelo__u0028_Teenage_Mutant_Ninja_Turtles_u0029_>	<Teenage_Mutant_Ninja_Turtles__u0028_Mirage_Studios_u0029_>	<productionCompany>
<William_Burnett>	<1861-02-16T00:00:00Z>	<birthDate>
<William_Burnett>	<Royal_Society>	<alumniOf>
<Bartleby__u0028_2001_film_u0029_>	<Crispin_Glover>	<appearsIn>
<Bartleby__u0028_2001_film_u0029_>	<David_Paymer>	<appearsIn>
<Bartleby__u0028_1970_film_u0029_>	<Paul_Scofield>	<actor>
<Bartleby__u0028_1970_film_u0029_>	<John_McEnery>	<appearsIn>
<Bartleby__u0028_1970_film_u0029_>	<Thorley_Walters>	<appearsIn>
<Bartleby__u0028_1970_film_u0029_>	<London>	<homeLocation>
<Bartleby__u0028_1976_film_u0029_>	<Maurice_Ronet>	<director>
<Bartleby__u0028_1976_film_u0029_>	<Michael_Lonsdale>	<actor>
<Bartleby__u0028_1976_film_u0029_>	<Maxence_Mailfort>	<appearsIn>
<America_America__u0028_1983_film_u0029_>	<I_u002E__V_u002E__Sasi>	<alumniOf>
<America_America__u0028_1983_film_u0029_>	<Mammootty>	<actor>
<America_America__u0028_1983_film_u0029_>	<Shyam__u0028_composer_u0029_>	<musicBy>
<America_America>	<Elia_Kazan>	<director>
<America_America>	<Stathis_Giallelis>	<actor>
<America_America>	<United_States>	<nationality>
<Krabi_u002C__Estonia>	<Estonia>	<nationality>
<Johnson_School__u0028_North_Adams_u002C__Massachusetts_u0029_>	<Massachusetts>	<homeLocation>
<Johnson_School__u0028_Millsboro_u002C__Delaware_u0029_>	<Delaware>	<homeLocation>
<Johnson_School__u0028_Davenport_u002C__Iowa_u0029_>	<Iowa>	<homeLocation>
<Johnson_School__u0028_Davenport_u002C__Iowa_u0029_>	<United_States>	<location>
<Supergirl__u0028_1984_film_u0029_>	<1984-01-01T00:00:00Z>	<dateCreated>
<Supergirl__u0028_1984_film_u0029_>	<Jeannot_Szwarc>	<director>
<Supergirl__u0028_1984_film_u0029_>	<Helen_Slater>	<actor>
<Supergirl__u0028_1984_film_u0029_>	<Faye_Dunaway>	<appearsIn>
<Supergirl__u0028_1984_film_u0029_>	<Hart_Bochner>	<appearsIn>
<Supergirl__u0028_1984_film_u0029_>	<Peter_Cook>	<appearsIn>
<Supergirl__u0028_1984_film_u0029_>	<Mia_Farrow>	<appearsIn>
<Supergirl__u0028_1984_film_u0029_>	<Brenda_Vaccaro>	<actor>
<Supergirl__u0028_1984_film_u0029_>	<Peter_O_u0027_Toole>	<appearsIn>
<Supergirl__u0028_1984_film_u0029_>	<Marc_McClure>	<actor>
<Supergirl__u0028_1984_film_u0029_>	<United_States>	<appearsIn>
<Supergirl__u0028_1984_film_u0029_>	<Warner_Bros_u002E_>	<productionCompany>
<Supergirl__u0028_Cir-El_u0029_>	<United_States>	<nationality>
<Supergirl__u0028_Cir-El_u0029_>	<Scott_McDaniel>	<author>
<Supergirl__u0028_Cir-El_u0029_>	<Superman__u0028_comic_book_u0029_>	<appearsIn>
<Power_Girl>	<All_Star_Comics>	<appearsIn>
<Supergirl>	<United_States>	<dateCreated>
<Supergirl>	<Superman__u0028_comic_book_u0029_>	<appearsIn>
<Supergirl>	<Action_Comics>	<appearsIn>
<Supergirl>	<Krypton__u0028_comics_u0029_>	<appearsIn>
<Supergirl__u0028_Matrix_u0029_>	<John_Byrne__u0028_comics_u0029_>	<author>
<Supergirl__u0028_Matrix_u0029_>	<Superman__u0028_comic_book_u0029_>	<appearsIn>
<Supergirl__u0028_Saving_Jane_song_u0029_>	<2008-01-01T00:00:00Z>	<dateCreated>
<Material__u0028_band_u0029_>	<1979-01-01T00:00:00Z>	<birthDate>
<Material__u0028_band_u0029_>	<Bill_Laswell>	<musicBy>
<Material__u0028_film_u0029_>	<Riaad_Moosa>	<author>
<Material__u0028_film_u0029_>	<2012-01-01T00:00:00Z>	<dateCreated>
<Material__u0028_film_u0029_>	<South_Africa>	<nationality>
<Material__u0028_Casiopea_album_u0029_>	<1999-05-19T00:00:00Z>	<dateCreated>
<Dororo__u0028_2019_TV_series_u0029_>	<Japan>	<nationality>
<Dororo__u0028_2019_TV_series_u0029_>	<Kazuhiro_Furuhashi>	<director>
<Dororo>	<Osamu_Tezuka>	<author>
<If_Not_for_You>	<1970-10-19T00:00:00Z>	<dateCreated>
<If_Not_for_You__u0028_album_u0029_>	<1971-11-01T00:00:00Z>	<dateCreated>
<If_Not_for_You__u0028_George_Jones_song_u0029_>	<1969-01-01T00:00:00Z>	<dateCreated>
<Juan_Álvarez__u0028_historian_u0029_>	<Rosario_u002C__Santa_Fe>	<homeLocation>
<Juan_Álvarez__u0028_historian_u0029_>	<Gualeguaychú_u002C__Entre_Ríos>	<alumniOf>
<Vertigo__u0028_1951_film_u0029_>	<Eusebio_Fernández_Ardavín>	<director>
<Vertigo__u0028_1951_film_u0029_>	<Ana_Mariscal>	<appearsIn>
<Vertigo__u0028_1951_film_u0029_>	<Lina_Yegros>	<appearsIn>
<Vertigo_Records>	<1969-01-01T00:00:00Z>	<birthDate>
<Dizziness__u0028_film_u0029_>	<Antonio_Momplet>	<alumniOf>
<Dizziness__u0028_film_u0029_>	<María_Félix>	<actor>
<Dizziness__u0028_film_u0029_>	<Emilio_Tuero>	<appearsIn>
<Dizziness__u0028_film_u0029_>	<Lilia_Michel>	<appearsIn>
<Vertigo__u0028_UTS_u0029_>	<1991-01-01T00:00:00Z>	<dateCreated>
<Vertigo__u0028_wordless_novel_u0029_>	<1937-01-01T00:00:00Z>	<dateCreated>
<Vertigo__u0028_Jackie_McLean_album_u0029_>	<1980-01-01T00:00:00Z>	<dateCreated>
<Angers_SCO>	<Angers>	<homeLocation>
<Angers_SCO>	<France>	<nationality>
<Angers_SCO>	<1919-01-01T00:00:00Z>	<birthDate>
<Angers__u0028_meteorite_u0029_>	<France>	<nationality>
<Angers>	<Maine__u0028_river_u0029_>	<homeLocation>
<Angers>	<France>	<nationality>
<Angers>	<Mayenne__u0028_river_u0029_>	<homeLocation>
<Angers>	<Sarthe__u0028_river_u0029_>	<homeLocation>
<Disraeli_u002C__Quebec__u0028_parish_u0029_>	<Les_Appalaches_Regional_County_Municipality>	<location>
<Disraeli_u002C__Quebec__u0028_parish_u0029_>	<Canada>	<nationality>
<Disraeli_u002C__Quebec__u0028_parish_u0029_>	<Disraeli_u002C__Quebec__u0028_city_u0029_>	<homeLocation>
<Disraeli__u0028_play_u0029_>	<Louis_N_u002E__Parker>	<author>
<Disraeli__u0028_play_u0029_>	<London>	<homeLocation>
<Disraeli__u0028_1916_film_u0029_>	<Charles_Calvert__u0028_director_u0029_>	<alumniOf>
<Disraeli__u0028_1916_film_u0029_>	<Percy_Nash>	<alumniOf>
<Disraeli__u0028_1916_film_u0029_>	<Dennis_Eadie>	<actor>
<Disraeli__u0028_1916_film_u0029_>	<Mary_Jerrold>	<appearsIn>
<Disraeli__u0028_1916_film_u0029_>	<Cyril_Raymond>	<actor>
<Disraeli__u0028_1929_film_u0029_>	<Alfred_E_u002E__Green>	<alumniOf>
<Disraeli__u0028_1929_film_u0029_>	<George_Arliss>	<actor>
<Disraeli__u0028_TV_serial_u0029_>	<Claude_Whatham>	<director>
<Disraeli__u0028_1921_film_u0029_>	<George_Arliss>	<actor>
<Disraeli__u0028_1921_film_u0029_>	<1921-01-01T00:00:00Z>	<dateCreated>
<Disraeli__u0028_1921_film_u0029_>	<Henry_Kolker>	<director>
<Disraeli_u002C__Quebec__u0028_city_u0029_>	<Canada>	<nationality>
<Disraeli_u002C__Quebec__u0028_city_u0029_>	<Disraeli_u002C__Quebec__u0028_parish_u0029_>	<alumniOf>
<Martin_Evans>	<1941-01-01T00:00:00Z>	<birthDate>
<Martin_Evans>	<University_College_London>	<alumniOf>
<Iron_Cross__u0028_Belgium_u0029_>	<1833-10-08T00:00:00Z>	<dateCreated>
<Iron_Cross__u0028_Burmese_band_u0029_>	<Myanmar>	<nationality>
<Polly__u0028_North_novel_u0029_>	<Freya_North>	<author>
<Emma_Sheridan_Fry>	<United_States>	<alumniOf>
<Polly__u0028_Doctor_Who_u0029_>	<Anneke_Wills>	<actor>
<Polly__u0028_Nirvana_song_u0029_>	<Kurt_Cobain>	<musicBy>
<Polly__u0028_The_Kinks_song_u0029_>	<1968-04-05T00:00:00Z>	<dateCreated>
<Polly__u0028_film_u0029_>	<Debbie_Allen>	<director>
<Polly__u0028_film_u0029_>	<Keshia_Knight_Pulliam>	<appearsIn>
<The_Mystery_of_Edwin_Drood>	<Charles_Dickens>	<author>
<The_Mystery_of_Edwin_Drood>	<1870-01-01T00:00:00Z>	<dateCreated>
<The_Mystery_of_Edwin_Drood__u0028_1935_film_u0029_>	<Stuart_Walker__u0028_filmmaker_u0029_>	<alumniOf>
<The_Mystery_of_Edwin_Drood__u0028_1993_film_u0029_>	<1993-01-01T00:00:00Z>	<dateCreated>
<Tony_Blair>	<1953-05-06T00:00:00Z>	<birthDate>
<Tony_Blair>	<Labour_Party__u0028_UK_u0029_>	<memberOf>
<Tony_Blair>	<Edinburgh>	<homeLocation>
<Tony_Blair>	<Fettes_College>	<alumniOf>
<Tony_Blair__u0028_song_u0029_>	<1999-12-01T00:00:00Z>	<dateCreated>
<Bill_Cartwright>	<United_States>	<alumniOf>
<Bill_Cartwright>	<Chicago_Bulls>	<alumniOf>
<Bill_Cartwright>	<New_York_Knicks>	<alumniOf>
<Bill_Cartwright>	<Seattle_SuperSonics>	<alumniOf>
<Bill_Cartwright>	<Elk_Grove_High_School__u0028_Elk_Grove_u002C__California_u0029_>	<alumniOf>
<Bill_Cartwright>	<University_of_San_Francisco>	<alumniOf>
<Bill_Cartwright__u0028_footballer_u002C__born_1922_u0029_>	<Tranmere_Rovers_F_u002E_C_u002E_>	<alumniOf>
<Bill_Cartwright__u0028_footballer_u002C__born_1884_u0029_>	<1884-06-24T00:00:00Z>	<birthDate>
<Bill_Cartwright__u0028_footballer_u002C__born_1884_u0029_>	<Burton_upon_Trent>	<birthPlace>
<Bill_Cartwright__u0028_footballer_u002C__born_1884_u0029_>	<Gainsborough_Trinity_F_u002E_C_u002E_>	<alumniOf>
<Bill_Cartwright__u0028_footballer_u002C__born_1884_u0029_>	<Chelsea_F_u002E_C_u002E_>	<alumniOf>
<Bill_Cartwright__u0028_footballer_u002C__born_1884_u0029_>	<Tottenham_Hotspur_F_u002E_C_u002E_>	<alumniOf>
<Bill_Cartwright__u0028_footballer_u002C__born_1884_u0029_>	<Swansea_City_A_u002E_F_u002E_C_u002E_>	<alumniOf>
<Bill_Cartwright__u0028_footballer_u002C__born_1884_u0029_>	<Gillingham_F_u002E_C_u002E_>	<alumniOf>
<Clinic__u0028_band_u0029_>	<1997-01-01T00:00:00Z>	<birthDate>
<Clinic__u0028_band_u0029_>	<Liverpool>	<homeLocation>
<The_Clinic__u0028_1982_film_u0029_>	<David_Stevens__u0028_screenwriter_u0029_>	<alumniOf>
<Searchlight__u0028_short_story_u0029_>	<Robert_A_u002E__Heinlein>	<author>
<Searchlight__u0028_short_story_u0029_>	<1962-08-01T00:00:00Z>	<dateCreated>
<Searchlight__u0028_album_u0029_>	<1989-01-01T00:00:00Z>	<dateCreated>
<Searchlight_u002C__Nevada>	<Clark_County_u002C__Nevada>	<homeLocation>
<Searchlight_u002C__Nevada>	<United_States>	<homeLocation>
<Searchlight_BBS>	<1985-01-01T00:00:00Z>	<dateCreated>
<Searchlight__u0028_magazine_u0029_>	<1975-01-01T00:00:00Z>	<dateCreated>
<Christopher_Nolan>	<1970-07-30T00:00:00Z>	<birthDate>
<Christopher_Nolan>	<London>	<homeLocation>
<Christopher_Nolan>	<University_College_London>	<alumniOf>
<Christopher_Nolan>	<Emma_Thomas>	<productionCompany>
<Christopher_Nolan__u0028_author_u0029_>	<2009-02-20T00:00:00Z>	<deathDate>
<Christopher_Nolan__u0028_author_u0029_>	<Mullingar>	<homeLocation>
<Christopher_Nolan__u0028_author_u0029_>	<Republic_of_Ireland>	<nationality>
<Christopher_Nolan__u0028_author_u0029_>	<Mount_Temple_Comprehensive_School>	<alumniOf>
<Ceará>	<Brazil>	<nationality>
<Ceará>	<Fortaleza>	<homeLocation>
<Ceará>	<Paraíba>	<homeLocation>
<Ceará>	<Pernambuco>	<homeLocation>
<Ceará>	<Piauí>	<location>
<Ceará__u0028_footballer_u0029_>	<1980-06-16T00:00:00Z>	<birthDate>
<Ceará__u0028_footballer_u0029_>	<Crato_u002C__Ceará>	<homeLocation>
<Yudh__u0028_TV_series_u0029_>	<Ribhu_Dasgupta>	<director>
<Yudh__u0028_TV_series_u0029_>	<Amitabh_Bachchan>	<actor>
<Yudh__u0028_film_u0029_>	<Rajiv_Rai>	<director>
<Yudh__u0028_film_u0029_>	<Jackie_Shroff>	<actor>
<Yudh__u0028_film_u0029_>	<Anil_Kapoor>	<appearsIn>
<Yudh__u0028_film_u0029_>	<Tina_Ambani>	<appearsIn>
<Yudh__u0028_film_u0029_>	<Danny_Denzongpa>	<appearsIn>
<Yudh__u0028_film_u0029_>	<Nutan>	<appearsIn>
<The_Meddler>	<Lorene_Scafaria>	<director>
<The_Meddler>	<Susan_Sarandon>	<appearsIn>
<The_Meddler>	<Rose_Byrne>	<appearsIn>
<The_Meddler>	<J_u002E__K_u002E__Simmons>	<appearsIn>
<The_Meddler>	<Los_Angeles>	<homeLocation>
<Meddler__u0028_short_story_u0029_>	<Philip_K_u002E__Dick>	<author>
<Sinn_Féin__u0028_newspaper_u0029_>	<1906-01-01T00:00:00Z>	<dateCreated>
<Sinn_Féin>	<Republic_of_Ireland>	<nationality>
<Sinn_Féin>	<1905-11-28T00:00:00Z>	<birthDate>
<Sinn_Féin>	<Arthur_Griffith>	<founder>
<Andy_Kerr__u0028_footballer_u002C__born_1931_u0029_>	<1931-06-29T00:00:00Z>	<birthDate>
<Andy_Kerr__u0028_footballer_u002C__born_1931_u0029_>	<Manchester_City_F_u002E_C_u002E_>	<alumniOf>
<Andy_Kerr__u0028_footballer_u002C__born_1931_u0029_>	<Kilmarnock_F_u002E_C_u002E_>	<alumniOf>
<Andy_Kerr__u0028_footballer_u002C__born_1931_u0029_>	<Sunderland_A_u002E_F_u002E_C_u002E_>	<alumniOf>
<Andy_Kerr__u0028_footballer_u002C__born_1931_u0029_>	<Aberdeen_F_u002E_C_u002E_>	<alumniOf>
<Andy_Kerr__u0028_footballer_u002C__born_1931_u0029_>	<Lugar_u002C__East_Ayrshire>	<alumniOf>
<Andrew_Kerr__u0028_Australian_politician_u0029_>	<Bathurst_u002C__New_South_Wales>	<homeLocation>
<Andrew_Kerr__u0028_Australian_politician_u0029_>	<Orange_u002C__New_South_Wales>	<deathPlace>
<Andrew_Kerr>	<United_States>	<alumniOf>
<Andrew_England_Kerr>	<1958-09-23T00:00:00Z>	<birthDate>
<Andrew_England_Kerr>	<Brexit_Party>	<memberOf>
<Andrew_Kerr__u0028_water_polo_u0029_>	<1954-04-02T00:00:00Z>	<birthDate>
<You_u0027_ve_Got_a_Friend>	<1971-01-01T00:00:00Z>	<birthDate>
<You_u0027_ve_Got_a_Friend>	<Carole_King>	<musicBy>
<You_u0027_ve_Got_a_Friend__u0028_TV_program_u0029_>	<Jason_Goldberg>	<alumniOf>
<You_u0027_ve_Got_a_Friend__u0028_Susie_Luchsinger_album_u0029_>	<2003-01-01T00:00:00Z>	<dateCreated>
<You_u0027_ve_Got_a_Friend__u0028_Andy_Williams_album_u0029_>	<1971-08-01T00:00:00Z>	<dateCreated>
<German_People_u0027_s_Party__u0028_Romania_u0029_>	<1935-01-01T00:00:00Z>	<dateCreated>
<German_People_u0027_s_Party__u0028_Austria_u0029_>	<Austria-Hungary>	<nationality>
<German_People_u0027_s_Party__u0028_1868_u0029_>	<1868-01-01T00:00:00Z>	<dateCreated>
<German_People_u0027_s_Party__u0028_1868_u0029_>	<German_Empire>	<memberOf>
<Odo_I_u002C__Duke_of_Burgundy>	<Tarsus_u002C__Mersin>	<homeLocation>
<Stephen_Conroy>	<1963-01-18T00:00:00Z>	<birthDate>
<Stephen_Conroy>	<Australian_Labor_Party>	<memberOf>
<Stephen_Conroy__u0028_artist_u0029_>	<Helensburgh>	<homeLocation>
<Herten_u002C__Netherlands>	<Netherlands>	<nationality>
<Herten_u002C__Netherlands>	<Limburg__u0028_Netherlands_u0029_>	<homeLocation>
<Herten>	<Recklinghausen__u0028_district_u0029_>	<location>
<Herten>	<Germany>	<nationality>
<John_Oates>	<United_States>	<alumniOf>
<The_Endless_Road>	<Hans_Schweikart>	<director>
<The_Endless_Road>	<Eugen_Klöpfer>	<actor>
<The_Endless_Road>	<Hedwig_Wangel>	<appearsIn>
<The_Endless_Road>	<Bavaria_Film>	<productionCompany>
<Falkirk__u0028_council_area_u0029_>	<Scotland>	<nationality>
<Falkirk__u0028_council_area_u0029_>	<Falkirk>	<location>
<Falkirk__u0028_UK_Parliament_constituency_u0029_>	<2005-05-05T00:00:00Z>	<dateCreated>
<Falkirk__u0028_UK_Parliament_constituency_u0029_>	<Falkirk__u0028_council_area_u0029_>	<homeLocation>
<Maylands_railway_station>	<Western_Australia>	<homeLocation>
<Falkirk_F_u002E_C_u002E_>	<Falkirk__u0028_council_area_u0029_>	<homeLocation>
<Falkirk_F_u002E_C_u002E_>	<1876-01-01T00:00:00Z>	<birthDate>
<Falkirk>	<Falkirk__u0028_council_area_u0029_>	<location>
<Falkirk>	<Stenhousemuir>	<neighbors>
<Alabama_Theatre>	<Birmingham_u002C__Alabama>	<homeLocation>
<Alabama_Theatre>	<United_States>	<homeLocation>
<Alabama_Theatre__u0028_Myrtle_Beach_u0029_>	<North_Myrtle_Beach_u002C__South_Carolina>	<location>
<Alabama_Theatre__u0028_Myrtle_Beach_u0029_>	<United_States>	<alumniOf>
<Astrid__u0028_band_u0029_>	<Isle_of_Lewis>	<homeLocation>
<Neverland_Ranch>	<Santa_Barbara_County_u002C__California>	<location>
<Neverland_Ranch>	<Michael_Jackson>	<alumniOf>
<Neverland__u0028_film_u0029_>	<2003-01-01T00:00:00Z>	<dateCreated>
<Neverland__u0028_film_u0029_>	<Damion_Dietz>	<director>
<Neverland>	<J_u002E__M_u002E__Barrie>	<author>
<Neverland>	<Peter_Pan__u0028_1953_film_u0029_>	<appearsIn>
<Neverland>	<Peter_Pan__u0028_1924_film_u0029_>	<playsIn>
<Neverland>	<Peter_and_Wendy>	<appearsIn>
<Neverland__u0028_miniseries_u0029_>	<Nick_Willing>	<director>
<Neverland__u0028_Skold_EP_u0029_>	<1996-01-01T00:00:00Z>	<dateCreated>
<The_Man_Who_Would_Be_King__u0028_film_u0029_>	<1975-11-27T00:00:00Z>	<dateCreated>
<The_Man_Who_Would_Be_King__u0028_film_u0029_>	<John_Huston>	<director>
<The_Man_Who_Would_Be_King__u0028_film_u0029_>	<Sean_Connery>	<actor>
<The_Man_Who_Would_Be_King__u0028_film_u0029_>	<Michael_Caine>	<actor>
<The_Man_Who_Would_Be_King__u0028_film_u0029_>	<Saeed_Jaffrey>	<actor>
<The_Man_Who_Would_Be_King__u0028_film_u0029_>	<Christopher_Plummer>	<actor>
<The_Man_Who_Would_Be_King>	<1888-01-01T00:00:00Z>	<dateCreated>
<The_Man_Who_Would_Be_King>	<Rudyard_Kipling>	<author>
<Canajoharie_u002C__New_York>	<Montgomery_County_u002C__New_York>	<location>
<Canajoharie_u002C__New_York>	<United_States>	<nationality>
<Canajoharie__u0028_village_u0029__u002C__New_York>	<Canajoharie_u002C__New_York>	<location>
<Canajoharie__u0028_village_u0029__u002C__New_York>	<United_States>	<nationality>
<Canajoharie>	<New_York__u0028_state_u0029_>	<location>
<To_Tell_the_Truth>	<Bob_Stewart__u0028_television_producer_u0029_>	<alumniOf>
<54__u0028_album_u0029_>	<2010-05-01T00:00:00Z>	<dateCreated>
<54__u0028_novel_u0029_>	<Wu_Ming>	<author>
<54__u0028_novel_u0029_>	<2002-01-01T00:00:00Z>	<dateCreated>
<54__u0028_film_u0029_>	<1998-01-01T00:00:00Z>	<dateCreated>
<54__u0028_film_u0029_>	<New_York_City>	<homeLocation>
<54__u0028_film_u0029_>	<Mark_Christopher__u0028_director_u0029_>	<director>
<54__u0028_film_u0029_>	<Ryan_Phillippe>	<appearsIn>
<54__u0028_film_u0029_>	<Salma_Hayek>	<appearsIn>
<54__u0028_film_u0029_>	<Neve_Campbell>	<appearsIn>
<54__u0028_film_u0029_>	<Mike_Myers>	<appearsIn>
<54__u0028_film_u0029_>	<Miramax>	<alumniOf>
<Body_Count__u0028_1998_film_u0029_>	<1998-01-01T00:00:00Z>	<birthDate>
<Body_Count__u0028_1998_film_u0029_>	<David_Caruso>	<actor>
<Body_Count__u0028_1998_film_u0029_>	<Linda_Fiorentino>	<appearsIn>
<Body_Count__u0028_1998_film_u0029_>	<John_Leguizamo>	<appearsIn>
<Body_Count__u0028_1998_film_u0029_>	<Ving_Rhames>	<appearsIn>
<Body_Count__u0028_1998_film_u0029_>	<Donnie_Wahlberg>	<appearsIn>
<Body_Count__u0028_1998_film_u0029_>	<Forest_Whitaker>	<appearsIn>
<Body_Count__u0028_video_game_u0029_>	<1994-01-01T00:00:00Z>	<dateCreated>
<Body_Count__u0028_band_u0029_>	<Los_Angeles>	<homeLocation>
<Body_Count__u0028_band_u0029_>	<1990-01-01T00:00:00Z>	<birthDate>
<Body_Count__u0028_book_u0029_>	<2012-01-01T00:00:00Z>	<birthDate>
<Body_Count__u0028_book_u0029_>	<Burl_Barer>	<author>
<Body_Count__u0028_1986_film_u0029_>	<Italy>	<nationality>
<Body_Count__u0028_1986_film_u0029_>	<Ruggero_Deodato>	<director>
<Below_Utopia>	<1997-01-01T00:00:00Z>	<dateCreated>
<Below_Utopia>	<Kurt_Voss>	<director>
<Below_Utopia>	<Justin_Theroux>	<actor>
<Below_Utopia>	<Alyssa_Milano>	<appearsIn>
<The_Man_Outside>	<Wolfgang_Borchert>	<author>
<The_Man_Outside>	<1947-01-01T00:00:00Z>	<dateCreated>
<The_Man_Outside__u0028_1967_film_u0029_>	<1967-01-01T00:00:00Z>	<dateCreated>
<The_Man_Outside__u0028_1967_film_u0029_>	<Samuel_Gallu>	<alumniOf>
<The_Man_Outside__u0028_1967_film_u0029_>	<Van_Heflin>	<actor>
<The_Man_Outside__u0028_1967_film_u0029_>	<Heidelinde_Weis>	<appearsIn>
<The_Man_Outside__u0028_1933_film_u0029_>	<George_A_u002E__Cooper__u0028_director_u0029_>	<alumniOf>
<Cilla__u0028_album_u0029_>	<1965-01-25T00:00:00Z>	<dateCreated>
<Çandır_u002C__Serik>	<Serik>	<homeLocation>
<Çandır_u002C__Serik>	<Turkey>	<nationality>
<Çandır_u002C__Kalecik>	<Turkey>	<nationality>
<Çandır>	<Yozgat_Province>	<homeLocation>
<Çandır>	<Turkey>	<nationality>
<Siena>	<Italy>	<location>
<Siena_u002C__Yaba>	<Yaba_Department>	<homeLocation>
<Siena_u002C__Yaba>	<Burkina_Faso>	<nationality>
<Belovo_u002C__Kemerovo_Oblast>	<Russia>	<nationality>
<San_Julián_u002C__Jalisco>	<Jalisco>	<homeLocation>
<Russia_u002C__Ohio>	<Shelby_County_u002C__Ohio>	<location>
<Russia_u002C__Ohio>	<United_States>	<nationality>
<Russian_Empire>	<United_States>	<homeLocation>
<Russian_Empire>	<1721-11-02T00:00:00Z>	<dateCreated>
<Russian_Empire>	<Saint_Petersburg>	<homeLocation>
<Russian_Empire>	<Nicholas_II_of_Russia>	<alumniOf>
<Russia>	<European_Union>	<nationality>
<Russia>	<Baltic_Sea>	<nationality>
<Russia>	<Pacific_Ocean>	<nationality>
<Russia>	<Arctic_Ocean>	<nationality>
<Russia>	<Black_Sea>	<nationality>
<Russia>	<Caspian_Sea>	<nationality>
<Russia>	<Moscow>	<homeLocation>
<Russia>	<Russian_Soviet_Federative_Socialist_Republic>	<nationality>
<Russia>	<United_States>	<nationality>
<Russia>	<UNESCO>	<nationality>
<Russia>	<United_Nations_Security_Council>	<memberOf>
<Russia>	<Shanghai_Cooperation_Organisation>	<memberOf>
<Russia>	<G20>	<nationality>
<Russia>	<Asia-Pacific_Economic_Cooperation>	<alumniOf>
<Russia>	<Organization_for_Security_and_Co-operation_in_Europe>	<nationality>
<Russia>	<World_Trade_Organization>	<memberOf>
<Russia_in_the_Junior_Eurovision_Song_Contest_2006>	<Russia>	<nationality>
<Greenhouse_gas_emissions_by_Russia>	<Russia>	<nationality>
<Intelligence_and_Security_Committee_Russia_report>	<2020-07-21T00:00:00Z>	<dateCreated>
<Intelligence_and_Security_Committee_Russia_report>	<Intelligence_and_Security_Committee_of_Parliament>	<memberOf>
<Olen_u002C__Russia>	<Russia>	<nationality>
<Sweden_in_the_Eurovision_Song_Contest_1960>	<Sweden>	<nationality>
<Sweden_u002C__South_Carolina>	<Bamberg_County_u002C__South_Carolina>	<homeLocation>
<Sweden_u002C__New_York>	<New_York__u0028_state_u0029_>	<homeLocation>
<Sweden_u002C__New_York>	<United_States>	<nationality>
<Drottningviken>	<Sweden>	<nationality>
<Vojakkala>	<Haparanda_Municipality>	<homeLocation>
<Vojakkala>	<Sweden>	<nationality>
<Sweden>	<Finland>	<nationality>
<Sweden>	<Denmark>	<nationality>
<Sweden>	<European_Union>	<nationality>
<Sweden>	<Stockholm>	<nationality>
<Sweden>	<Baltic_Sea>	<nationality>
<Sweden>	<Nordic_Council>	<memberOf>
<Sweden>	<Council_of_Europe>	<nationality>
<Sweden>	<World_Trade_Organization>	<memberOf>
<Sweden>	<OECD>	<nationality>
<Sweden_u002C__Missouri>	<Missouri>	<location>
<Sweden_u002C__Missouri>	<United_States>	<nationality>
<Sweden_u002C__Arkansas>	<Jefferson_County_u002C__Arkansas>	<homeLocation>
<Sweden_u002C__Arkansas>	<United_States>	<nationality>
<Sweden_u002C__Maine>	<Oxford_County_u002C__Maine>	<location>
<Sweden_u002C__Maine>	<United_States>	<homeLocation>
<Hollies__u0028_1965_album_u0029_>	<1965-09-01T00:00:00Z>	<birthDate>
<The_Hollies>	<1962-01-01T00:00:00Z>	<dateCreated>
<The_Hollies>	<Manchester>	<homeLocation>
<Hollies__u0028_1974_album_u0029_>	<1974-03-01T00:00:00Z>	<birthDate>
<Picard_Island>	<Seychelles>	<nationality>
<Picard_Island>	<Aldabra>	<nationality>
<West_Island__u0028_Lacepede_Islands_u0029_>	<Western_Australia>	<location>
<West_Island__u0028_South_Australia_u0029_>	<South_Australia>	<location>
<West_Island>	<Canada>	<nationality>
<Condorcet_u002C__Drôme>	<France>	<nationality>
<Aude__u0028_writer_u0029_>	<Quebec_City>	<alumniOf>
<Aude__u0028_river_u0029_>	<France>	<nationality>
<Aude__u0028_river_u0029_>	<Mediterranean_Sea>	<homeLocation>
<Aude>	<Occitania__u0028_administrative_region_u0029_>	<location>
<Aude>	<Aude__u0028_river_u0029_>	<appearsIn>
<Aude_u002C__Estonia>	<Estonia>	<alumniOf>
<Magill>	<1977-01-01T00:00:00Z>	<birthDate>
<O_u0027_Reilly_u002C__Mississippi>	<Bolivar_County_u002C__Mississippi>	<homeLocation>
<O_u0027_Reilly_u002C__Mississippi>	<United_States>	<homeLocation>
<O_u0027_Reilly_u002C__Queensland>	<Scenic_Rim_Region>	<homeLocation>
<O_u0027_Reilly_u002C__Queensland>	<Queensland>	<homeLocation>
<Kõpu>	<Estonia>	<nationality>
<Kõpu_u002C__Hiiu_County>	<Estonia>	<nationality>
<Kõpu_u002C__Pärnu_County>	<Estonia>	<nationality>
<Kõpu_u002C__Jõgeva_County>	<Estonia>	<nationality>
<Matthew_Fox__u0028_footballer_u0029_>	<1971-07-13T00:00:00Z>	<birthDate>
<Matthew_Fox__u0028_footballer_u0029_>	<Birmingham_City_F_u002E_C_u002E_>	<alumniOf>
<Matthew_Fox__u0028_footballer_u0029_>	<Northampton_Town_F_u002E_C_u002E_>	<alumniOf>
<Matthew_Fox__u0028_footballer_u0029_>	<Sheldon_u002C__West_Midlands>	<homeLocation>
<Matthew_Fox__u0028_footballer_u0029_>	<Cheltenham_Town_F_u002E_C_u002E_>	<homeLocation>
<Matthew_Fox__u0028_priest_u0029_>	<United_States>	<nationality>
<Matthew_Fox>	<United_States>	<actor>
<Victory__u0028_1928_film_u0029_>	<Moore_Marriott>	<actor>
<Victory__u0028_1928_film_u0029_>	<Julie_Suedo>	<appearsIn>
<Victory_u002C__Oklahoma>	<Jackson_County_u002C__Oklahoma>	<homeLocation>
<Victory_u002C__Oklahoma>	<United_States>	<homeLocation>
<Victory__u0028_Narada_Michael_Walden_album_u0029_>	<1980-01-01T00:00:00Z>	<dateCreated>
<Victory__u0028_2008_film_u0029_>	<2008-01-01T00:00:00Z>	<dateCreated>
<Victory__u0028_2008_film_u0029_>	<Nithiin>	<appearsIn>
<Victory__u0028_EP_u0029_>	<2015-05-25T00:00:00Z>	<dateCreated>
<Victory_Brewing_Company>	<1996-01-01T00:00:00Z>	<dateCreated>
<Victory_Brewing_Company>	<Downingtown_u002C__Pennsylvania>	<homeLocation>
<Victory_Brewing_Company>	<United_States>	<productionCompany>
<The_Barber__u0028_short_story_u0029_>	<Flannery_O_u0027_Connor>	<author>
<Occident_u002C__Indiana>	<Indiana>	<homeLocation>
<Occident__u0028_film_u0029_>	<Cristian_Mungiu>	<director>
<Occident__u0028_film_u0029_>	<Alexandru_Papadopol>	<appearsIn>
<Occident__u0028_film_u0029_>	<Romania>	<nationality>
<These_Foolish_Things__u0028_album_u0029_>	<1973-10-05T00:00:00Z>	<dateCreated>
<These_Foolish_Things__u0028_Remind_Me_of_You_u0029_>	<Eric_Maschwitz>	<author>
<These_Foolish_Things__u0028_Remind_Me_of_You_u0029_>	<Jack_Strachey>	<musicBy>
<These_Foolish_Things__u0028_Remind_Me_of_You_u0029_>	<Harry_Link>	<musicBy>
<These_Foolish_Things__u0028_Remind_Me_of_You_u0029_>	<1936-01-01T00:00:00Z>	<dateCreated>
<These_Foolish_Things__u0028_film_u0029_>	<Zoë_Tapper>	<appearsIn>
<These_Foolish_Things__u0028_film_u0029_>	<David_Leon>	<appearsIn>
<These_Foolish_Things__u0028_film_u0029_>	<Lauren_Bacall>	<appearsIn>
<These_Foolish_Things__u0028_film_u0029_>	<Anjelica_Huston>	<appearsIn>
<These_Foolish_Things__u0028_film_u0029_>	<Terence_Stamp>	<appearsIn>
<These_Foolish_Things__u0028_film_u0029_>	<Andrew_Lincoln>	<appearsIn>
<These_Foolish_Things__u0028_film_u0029_>	<Eve_Myles>	<appearsIn>
<These_Foolish_Things__u0028_film_u0029_>	<Julia_McKenzie>	<appearsIn>
<Beak__u0028_album_u0029_>	<2009-01-01T00:00:00Z>	<dateCreated>
<Brian_Simmons>	<United_States>	<alumniOf>
<Brian_Simmons>	<University_of_North_Carolina_at_Chapel_Hill>	<alumniOf>
<Brian_Simmons>	<New_Orleans_Saints>	<alumniOf>
<Brian_Simmons__u0028_baseball_u0029_>	<Major_League_Baseball>	<alumniOf>
<Brian_Simmons__u0028_baseball_u0029_>	<Chicago_White_Sox>	<alumniOf>
<Brian_Simmons__u0028_baseball_u0029_>	<Toronto_Blue_Jays>	<alumniOf>
<Big_Ben__u0028_Heard_Island_u0029_>	<Mawson_Peak>	<location>
<Benoit_Benjamin>	<United_States>	<alumniOf>
<Benoit_Benjamin>	<Los_Angeles_Clippers>	<alumniOf>
<Benoit_Benjamin>	<Creighton_University>	<alumniOf>
<Benoit_Benjamin>	<Los_Angeles_Lakers>	<alumniOf>
<Benoit_Benjamin>	<Milwaukee_Bucks>	<alumniOf>
<Benoit_Benjamin>	<Philadelphia_76ers>	<alumniOf>
<Ben_Roethlisberger>	<United_States>	<alumniOf>
<Ben_Roethlisberger>	<Pittsburgh_Steelers>	<alumniOf>
<Ben_Roethlisberger>	<Miami_University>	<alumniOf>
<Benito_van_de_Pas>	<1993-01-18T00:00:00Z>	<birthDate>
<Big_Ben__u0028_album_u0029_>	<1965-01-01T00:00:00Z>	<dateCreated>
<Ben_Coleman__u0028_basketball_u0029_>	<United_States>	<alumniOf>
<Ben_Coleman__u0028_basketball_u0029_>	<University_of_Minnesota>	<alumniOf>
<Ben_Coleman__u0028_basketball_u0029_>	<University_of_Maryland_u002C__College_Park>	<alumniOf>
<Ben_Davidson>	<Las_Vegas_Raiders>	<alumniOf>
<Ben_Davidson>	<United_States>	<alumniOf>
<Ben_Davidson>	<Green_Bay_Packers>	<alumniOf>
<Ben_Davidson>	<Washington_Commanders>	<alumniOf>
<Abby__u0028_TV_series_u0029_>	<Sydney_Tamiia_Poitier>	<actor>
<Abby__u0028_TV_series_u0029_>	<Kadeem_Hardison>	<actor>
<Abby__u0028_TV_series_u0029_>	<Sean_O_u0027_Bryan>	<actor>
<Abby__u0028_TV_series_u0029_>	<Randy_J_u002E__Goodwin>	<appearsIn>
<Abby_Sciuto>	<Pauley_Perrette>	<actor>
<Abby_Sciuto>	<NCIS__u0028_TV_series_u0029_>	<appearsIn>
<Abby_Sciuto>	<Naval_Criminal_Investigative_Service>	<worksFor>
<Abiodun_Koya>	<1980-12-22T00:00:00Z>	<birthDate>
<Abiodun_Koya>	<Nigeria>	<alumniOf>
<Abiodun_Koya>	<Ogun_State>	<birthPlace>
<Abby__u0028_Doctor_Who_u0029_>	<Ciara_Janson>	<actor>
<Abby__u0028_film_u0029_>	<Terry_Carter>	<appearsIn>
<Abby__u0028_film_u0029_>	<William_Girdler>	<director>
<Abby__u0028_film_u0029_>	<American_International_Pictures>	<productionCompany>
<Fernando_Pereira__u0028_Venezuelan_footballer_u0029_>	<1959-10-22T00:00:00Z>	<birthDate>
<Fernando_Pereira>	<1985-07-10T00:00:00Z>	<deathDate>
<Fernando_Pereira>	<Auckland>	<homeLocation>
<Fernando_Pereira__u0028_Angolan_footballer_u0029_>	<Angola>	<nationality>
<The_Elephant_Man__u0028_1982_film_u0029_>	<Jack_Hofsiss>	<director>
<The_Elephant_Man__u0028_1982_film_u0029_>	<Philip_Anglim>	<actor>
<The_Elephant_Man__u0028_1982_film_u0029_>	<Kevin_Conway__u0028_actor_u0029_>	<actor>
<The_Elephant_Man__u0028_film_u0029_>	<London>	<homeLocation>
<The_Elephant_Man__u0028_film_u0029_>	<David_Lynch>	<director>
<The_Elephant_Man__u0028_film_u0029_>	<John_Hurt>	<actor>
<The_Elephant_Man__u0028_film_u0029_>	<Anthony_Hopkins>	<actor>
<The_Elephant_Man__u0028_film_u0029_>	<Anne_Bancroft>	<actor>
<The_Elephant_Man__u0028_film_u0029_>	<John_Gielgud>	<actor>
<The_Elephant_Man__u0028_film_u0029_>	<Wendy_Hiller>	<appearsIn>
<The_Elephant_Man__u0028_film_u0029_>	<Michael_Elphick>	<actor>
<The_Elephant_Man__u0028_film_u0029_>	<Freddie_Jones>	<actor>
<The_Elephant_Man__u0028_film_u0029_>	<Eric_Bergren>	<alumniOf>
<The_Elephant_Man__u0028_film_u0029_>	<Joseph_Merrick>	<appearsIn>
<The_Elephant_Man__u0028_play_u0029_>	<Bernard_Pomerance>	<author>
<The_Elephant_Man__u0028_play_u0029_>	<London>	<homeLocation>
<Changi>	<East_Region_u002C__Singapore>	<location>
<Changi>	<Singapore>	<location>
<Changi>	<Pasir_Ris>	<location>
<Ridge_u002C__Robertson_County_u002C__Texas>	<Robertson_County_u002C__Texas>	<location>
<Ridge_u002C__Robertson_County_u002C__Texas>	<United_States>	<alumniOf>
<Ridge_u002C__Hertfordshire>	<Hertsmere>	<homeLocation>
<Ridge_u002C__Montana>	<Carter_County_u002C__Montana>	<location>
<Ridge_u002C__Montana>	<United_States>	<nationality>
<Ridge_u002C__Maryland>	<Maryland>	<homeLocation>
<Ridge_u002C__Maryland>	<United_States>	<nationality>
<Ridge_u002C__New_York>	<Suffolk_County_u002C__New_York>	<homeLocation>
<Ridge_u002C__New_York>	<United_States>	<birthPlace>
<Ridge_u002C__West_Virginia>	<Morgan_County_u002C__West_Virginia>	<location>
<River_Ridge_High_School__u0028_Lacey_u002C__Washington_u0029_>	<Washington__u0028_state_u0029_>	<alumniOf>
<River_Ridge_High_School__u0028_Lacey_u002C__Washington_u0029_>	<United_States>	<alumniOf>
<River_Ridge_High_School__u0028_Lacey_u002C__Washington_u0029_>	<1993-01-01T00:00:00Z>	<dateCreated>
<John_Shirley>	<United_States>	<nationality>
<John_Shirley__u0028_footballer_u0029_>	<Stoke_City_F_u002E_C_u002E_>	<alumniOf>
<Jeopardy__u0028_film_u0029_>	<John_Sturges>	<director>
<Jeopardy__u0028_film_u0029_>	<Barbara_Stanwyck>	<appearsIn>
<Jeopardy__u0028_film_u0029_>	<Barry_Sullivan__u0028_American_actor_u0029_>	<actor>
<Jeopardy__u0028_film_u0029_>	<Ralph_Meeker>	<appearsIn>
<Jeopardy__u0028_album_u0029_>	<1980-11-01T00:00:00Z>	<dateCreated>
<Jeopardy__u0028_song_u0029_>	<1983-01-01T00:00:00Z>	<dateCreated>
<Jeopardy__u0028_TV_series_u0029_>	<Paul_Wroblewski>	<alumniOf>
<Interiors>	<1978-08-02T00:00:00Z>	<dateCreated>
<Interiors>	<Woody_Allen>	<director>
<Interiors>	<Kristin_Griffith>	<actor>
<Interiors>	<Mary_Beth_Hurt>	<actor>
<Interiors>	<Richard_Jordan>	<actor>
<Interiors>	<Diane_Keaton>	<actor>
<Interiors>	<E_u002E__G_u002E__Marshall>	<alumniOf>
<Interiors>	<Geraldine_Page>	<appearsIn>
<Interiors>	<Maureen_Stapleton>	<actor>
<Interiors>	<Sam_Waterston>	<actor>
<Amok__u0028_1944_film_u0029_>	<Antonio_Momplet>	<alumniOf>
<Amok__u0028_1944_film_u0029_>	<María_Félix>	<actor>
<Amok__u0028_1944_film_u0029_>	<Julián_Soler>	<appearsIn>
<Amok__u0028_video_game_u0029_>	<1996-10-31T00:00:00Z>	<dateCreated>
<Amok__u0028_video_game_u0029_>	<Lemon__u0028_developer_u0029_>	<alumniOf>
<Amok__u0028_The_Late_B_u002E_P_u002E__Helium_album_u0029_>	<2004-01-01T00:00:00Z>	<dateCreated>
<Amok__u0028_1934_film_u0029_>	<Fedor_Ozep>	<director>
<Amok__u0028_Sentenced_album_u0029_>	<1995-01-03T00:00:00Z>	<dateCreated>
<Amok__u0028_novella_u0029_>	<Stefan_Zweig>	<author>
<Amok__u0028_novella_u0029_>	<1922-01-01T00:00:00Z>	<dateCreated>
<Microsoft_Paint>	<Microsoft>	<worksFor>
<Paint_u002C__Pennsylvania>	<Somerset_County_u002C__Pennsylvania>	<homeLocation>
<Paint_u002C__Pennsylvania>	<United_States>	<birthPlace>
<Rapa-Nui__u0028_film_u0029_>	<1994-01-01T00:00:00Z>	<dateCreated>
<Rapa-Nui__u0028_film_u0029_>	<Kevin_Reynolds__u0028_director_u0029_>	<director>
<Rapa-Nui__u0028_film_u0029_>	<Easter_Island>	<locationCreated>
<Easter_Island>	<Chile>	<nationality>
<Easter_Island>	<Pacific_Ocean>	<location>
<Easter_Island>	<Polynesia>	<location>
<Easter_Island>	<Isla_de_Pascua__u0028_commune_u0029_>	<alumniOf>
<Brigade__u0028_band_u0029_>	<London>	<homeLocation>
<Brigade__u0028_band_u0029_>	<2003-01-01T00:00:00Z>	<birthDate>
<People_Get_Ready__u0028_The_Impressions_album_u0029_>	<1965-02-01T00:00:00Z>	<dateCreated>
<People_Get_Ready__u0028_band_u0029_>	<New_York_City>	<homeLocation>
<People_Get_Ready>	<1965-01-01T00:00:00Z>	<dateCreated>
<People_Get_Ready>	<Curtis_Mayfield>	<musicBy>
<Just_William__u0028_book_series_u0029_>	<Richmal_Crompton>	<author>
<Just_William__u0028_1994_TV_series_u0029_>	<1994-01-01T00:00:00Z>	<dateCreated>
<Just_William__u0028_1977_TV_series_u0029_>	<1977-02-06T00:00:00Z>	<dateCreated>
<Just_William__u0028_1977_TV_series_u0029_>	<Adrian_Dannatt>	<actor>
<Just_William__u0028_2010_TV_series_u0029_>	<2010-01-01T00:00:00Z>	<dateCreated>
<Just_William__u0028_2010_TV_series_u0029_>	<Daniel_Roche>	<appearsIn>
<Just_William__u0028_2010_TV_series_u0029_>	<Paul_Seed>	<director>
<Just_William__u0028_film_u0029_>	<Graham_Cutts>	<alumniOf>
<Just_William__u0028_film_u0029_>	<Richard_Lupino>	<actor>
<Just_William__u0028_film_u0029_>	<Fred_Emney>	<appearsIn>
<Just_William>	<Richmal_Crompton>	<author>
<McKinnon_u002C__Wyoming>	<Sweetwater_County_u002C__Wyoming>	<location>
<McKinnon_u002C__Wyoming>	<United_States>	<homeLocation>
<McKinnon_railway_station>	<McKinnon_u002C__Victoria>	<homeLocation>
<McKinnon_u002C__Victoria>	<Victoria__u0028_state_u0029_>	<location>
<McKinnon_u002C__Tennessee>	<Houston_County_u002C__Tennessee>	<homeLocation>
<McKinnon_u002C__Tennessee>	<United_States>	<homeLocation>
<Friday_the_13th__u0028_1980_film_u0029_>	<Sean_S_u002E__Cunningham>	<director>
<Friday_the_13th__u0028_1980_film_u0029_>	<Betsy_Palmer>	<appearsIn>
<Friday_the_13th__u0028_1980_film_u0029_>	<Adrienne_King>	<appearsIn>
<Friday_the_13th__u0028_1980_film_u0029_>	<Harry_Crosby__u0028_businessman_u0029_>	<actor>
<Friday_the_13th__u0028_1980_film_u0029_>	<Laurie_Bartram>	<appearsIn>
<Friday_the_13th__u0028_1980_film_u0029_>	<Jeannine_Taylor>	<appearsIn>
<Friday_the_13th__u0028_1980_film_u0029_>	<Kevin_Bacon>	<appearsIn>
<Friday_the_13th__u0028_1980_film_u0029_>	<New_Jersey>	<productionCompany>
<Friday_the_13th__u0028_1980_film_u0029_>	<Paramount_Pictures>	<productionCompany>
<Friday_the_13th__u0028_1916_film_u0029_>	<1916-01-01T00:00:00Z>	<dateCreated>
<Friday_the_13th__u0028_1916_film_u0029_>	<Émile_Chautard>	<alumniOf>
<Friday_the_13th__u0028_1916_film_u0029_>	<Robert_Warwick>	<actor>
<Friday_the_13th__u0028_2009_film_u0029_>	<Marcus_Nispel>	<director>
<Friday_the_13th__u0028_2009_film_u0029_>	<Platinum_Dunes>	<productionCompany>
<Friday_the_13th__u0028_2009_film_u0029_>	<New_Line_Cinema>	<productionCompany>
<Friday_the_13th__u0028_2009_film_u0029_>	<Paramount_Pictures>	<productionCompany>
<Friday_the_13th__u0028_2009_film_u0029_>	<Jared_Padalecki>	<actor>
<Friday_the_13th__u0028_2009_film_u0029_>	<Danielle_Panabaker>	<appearsIn>
<Friday_the_13th__u0028_2009_film_u0029_>	<Aaron_Yoo>	<appearsIn>
<Friday_the_13th__u0028_2009_film_u0029_>	<Amanda_Righetti>	<appearsIn>
<Friday_the_13th__u0028_2009_film_u0029_>	<Travis_Van_Winkle>	<appearsIn>
<Friday_the_13th__u0028_2009_film_u0029_>	<Derek_Mears>	<appearsIn>
<Friday_the_13th__u0028_2009_film_u0029_>	<United_States>	<appearsIn>
